mean_degree,time_btw_drinks
1.0,1278.0
1.0,2103.0
1.0,307.0
1.0,5851.0
1.0,1900.0
1.0,2693.0
1.0,2971.0
1.0,3291.0
1.0,3368.0
1.0,3466.0
1.0,463.0
1.0,2511.0
1.0,11140.0
1.0,875.0
1.0,3196.0
1.0,1114.0
1.0,594.0
1.0,2963.0
1.0,153.0
1.0,3182.0
1.0,5911.0
1.0,1166.0
1.0,3066.0
1.0,580.0
1.0,3202.0
1.0,266.0
1.0,1889.0
1.0,155.0
1.0,1781.0
1.0,2427.0
1.0,835.0
1.0,711.0
1.0,3142.0
1.0,2426.0
1.0,4500.0
1.0,138.0
1.0,2927.0
1.0,2758.0
1.0,2210.0
1.0,574.0
1.0,2085.0
1.0,3293.0
1.0,3716.0
1.0,763.0
1.0,3320.0
1.0,1056.0
1.0,2329.0
1.0,2837.0
1.0,76.0
1.0,2769.0
1.0,2338.0
1.0,3.0
1.0,3348.0
1.0,4959.0
1.0,2784.0
1.0,158.0
1.0,4047.0
1.0,6083.0
1.0,2936.0
1.0,43.0
1.0,2931.0
1.0,1396.0
1.0,4763.0
1.0,2821.0
1.0,2639.0
1.0,1487.0
1.0,134.0
1.0,4712.0
1.0,2708.0
1.0,32.0
1.0,6506.0
1.0,68.0
1.0,2488.0
1.0,1301.0
1.0,931.0
1.0,349.0
1.0,2618.0
1.0,4174.0
1.0,3312.0
1.0,1807.0
1.0,6037.0
1.0,982.0
1.0,3095.0
1.0,3580.0
1.0,2262.0
1.0,3352.0
1.0,154.0
1.0,4577.0
1.0,1791.0
1.0,3474.0
1.0,729.0
1.0,1805.0
1.0,10718.0
1.0,580.0
1.0,301.0
1.0,2666.0
1.0,1945.0
1.0,1435.0
1.0,1884.0
1.0,1904.0
1.0,2446.0
1.0,3523.0
1.0,5091.0
1.0,399.0
1.0,6622.0
1.0,10460.0
1.0,2888.0
1.0,2534.0
1.0,3566.0
1.0,5585.0
1.0,1567.0
1.0,5951.0
1.0,1.0
1.0,1.0
1.0,1.0
1.0,3658.0
1.0,4990.0
1.0,1.0
1.0,1.0
1.0,1.0
1.0,1.0
1.0,6271.0
1.0,1.0
1.0,216.0
1.0,101.0
1.0,2295.0
1.0,1466.0
1.0,287.0
1.0,2756.0
1.0,1.0
1.0,1696.0
1.0,1.0
1.0,4830.0
1.0,1.0
1.0,262.0
1.0,1.0
1.0,3725.0
1.0,160.0
1.0,2144.0
1.0,417.0
1.0,2139.0
1.0,5973.0
1.0,3074.0
1.0,1243.0
1.0,140.0
1.0,4800.0
1.0,1.0
1.0,1.0
1.0,1.0
1.0,1.0
1.0,1059.0
1.0,3364.0
1.0,3914.0
1.0,4109.0
1.0,760.0
1.0,3890.0
1.0,2267.0
1.0,1529.0
1.0,2480.0
1.0,3449.0
1.0,2674.0
1.0,1797.0
1.0,1790.0
1.0,2655.0
1.0,776.0
1.0,1451.0
1.0,2316.0
1.0,3770.0
1.0,922.0
1.0,2982.0
1.0,4233.0
1.0,71.0
1.0,3287.0
1.0,2859.0
1.0,766.0
1.0,1308.0
1.0,1224.0
1.0,1753.0
1.0,3935.0
1.0,2969.0
1.0,2177.0
1.0,1582.0
1.0,2690.0
1.0,3033.0
1.0,1773.0
1.0,3393.0
1.0,522.0
1.0,1577.0
1.0,1433.0
1.0,2049.0
1.0,3648.0
1.0,2811.0
1.0,1748.0
1.0,1467.0
1.0,1589.0
1.0,2170.0
1.0,1110.0
1.0,3375.0
1.0,1910.0
1.0,732.0
1.0,1008.0
1.0,3205.0
1.0,2102.0
1.0,2510.0
1.0,2178.0
1.0,3364.0
1.0,53.0
1.0,5770.0
1.0,10591.0
1.0,4369.0
1.0,2276.0
1.0,3162.0
1.0,3360.0
1.0,1897.0
1.0,4111.0
1.0,1408.0
1.0,4763.0
1.0,9096.0
1.0,2510.0
1.0,884.0
1.0,1294.0
1.0,3417.0
1.0,2421.0
1.0,3019.0
1.0,3852.0
1.0,14172.0
1.0,2704.0
1.0,1459.0
1.0,1768.0
1.0,133.0
1.0,6008.0
1.0,1432.0
1.0,3173.0
1.0,8630.0
1.0,5428.0
1.0,5097.0
1.0,1740.0
1.0,2050.0
1.0,889.0
1.0,5066.0
1.0,6176.0
1.0,4640.0
1.0,2520.0
1.0,2299.0
1.0,3303.0
1.0,4762.0
1.0,986.0
1.0,3207.0
1.0,237.0
1.0,489.0
1.0,2977.0
1.0,2931.0
1.0,4372.0
1.0,6245.0
1.0,3420.0
1.0,1623.0
1.0,2473.0
1.0,5955.0
1.0,767.0
1.0,2122.0
1.0,3955.0
1.0,5719.0
1.0,4777.0
1.0,2545.0
1.0,5079.0
1.0,3377.0
1.0,104.0
1.0,75.0
1.0,1.0
1.0,5042.0
1.0,2386.0
1.0,1.0
1.0,6247.0
1.0,1.0
1.0,1.0
1.0,1.0
1.0,1.0
1.0,1.0
1.0,1.0
1.0,4515.0
1.0,1716.0
1.0,3234.0
1.0,3650.0
1.0,877.0
1.0,3183.0
1.0,1566.0
1.0,7629.0
1.0,3085.0
1.0,3228.0
1.0,1.0
1.0,233.0
1.0,7519.0
1.0,1208.0
1.0,454.0
1.0,153.0
1.0,4549.0
1.0,847.0
1.0,382.0
1.0,6703.0
1.0,1988.0
1.0,741.0
1.0,1981.0
1.0,3744.0
1.0,2271.0
1.0,3367.0
1.0,2563.0
1.0,3248.0
1.0,942.0
1.0,4206.0
1.0,8899.0
1.0,3986.0
1.0,2370.0
1.0,1425.0
1.0,2943.0
1.0,81.0
1.0,3508.0
1.0,932.0
1.0,3745.0
1.0,1328.0
1.0,2691.0
1.0,1856.0
1.0,257.0
1.0,1415.0
1.0,2541.0
1.0,637.0
1.0,3503.0
1.0,2.0
1.0,2425.0
1.0,4190.0
1.0,2.0
1.0,2962.0
1.0,54.0
1.0,2536.0
1.0,2355.0
1.0,4310.0
1.0,3557.0
1.0,669.0
1.0,1478.0
1.0,2074.0
1.0,1235.0
1.0,3604.0
1.0,2949.0
1.0,1753.0
1.0,2374.0
1.0,1951.0
1.0,2330.0
1.0,2550.0
1.0,2540.0
1.0,4641.0
1.0,3827.0
1.0,1339.0
1.0,522.0
1.0,3484.0
1.0,4182.0
1.0,3852.0
1.0,4443.0
1.0,1525.0
1.0,2116.0
1.0,2157.0
1.0,1218.0
1.0,1297.0
1.0,5331.0
1.0,227.0
1.0,1423.0
1.0,2726.0
1.0,5855.0
1.0,604.0
1.0,1334.0
1.0,1698.0
1.0,322.0
1.0,2689.0
1.0,1856.0
1.0,4215.0
1.0,18.0
1.0,1751.0
1.0,2369.0
1.0,2.0
1.0,2358.0
1.0,1122.0
1.0,3137.0
1.0,2.0
1.0,2960.0
1.0,54.0
1.0,2.0
1.0,609.0
1.0,2411.0
1.0,1869.0
1.0,2.0
1.0,4308.0
1.0,1.0
1.0,1.0
1.0,3555.0
1.0,153.0
1.0,5280.0
1.0,23.0
1.0,3606.0
1.0,184.0
1.0,6783.0
1.0,2102.0
1.0,442.0
1.0,5700.0
1.0,1702.0
1.0,2194.0
1.0,2053.0
1.0,1583.0
1.0,3223.0
1.0,6091.0
1.0,2205.0
1.0,8.0
1.0,1887.0
1.0,6061.0
1.0,2722.0
1.0,203.0
1.0,3983.0
1.0,237.0
1.0,3922.0
1.0,76.0
1.0,2667.0
1.0,2643.0
1.0,7477.0
1.0,1180.0
1.0,215.0
1.0,1584.0
1.0,378.0
1.0,1582.0
1.0,961.0
1.0,2175.0
1.0,1943.0
1.0,1520.0
1.0,2629.0
1.0,2878.0
1.0,4110.0
1.0,1228.0
1.0,2674.0
1.0,249.0
1.0,1784.0
1.0,2316.0
1.0,1467.0
1.0,1799.0
1.0,2640.0
1.0,1537.0
1.0,15.0
1.0,357.0
1.0,2362.0
1.0,2386.0
1.0,2702.0
1.0,30.0
1.0,1666.0
1.0,1917.0
1.0,1084.0
1.0,3671.0
1.0,295.0
1.0,1894.0
1.0,1761.0
1.0,2330.0
1.0,4260.0
1.0,2855.0
1.0,2426.0
1.0,324.0
1.0,4176.0
1.0,1805.0
1.0,2874.0
1.0,1818.0
1.0,1084.0
1.0,2634.0
1.0,3243.0
1.0,2371.0
1.0,1372.0
1.0,1263.0
1.0,312.0
1.0,2204.0
1.0,678.0
1.0,1479.0
1.0,2515.0
1.0,792.0
1.0,2451.0
1.0,539.0
1.0,1776.0
1.0,1979.0
1.0,3.0
1.0,19.0
1.0,2559.0
1.0,4603.0
1.0,845.0
1.0,213.0
1.0,2045.0
1.0,2438.0
1.0,1312.0
1.0,2019.0
1.0,2604.0
1.0,3615.0
1.0,3074.0
1.0,1032.0
1.0,1577.0
1.0,2492.0
1.0,1788.0
1.0,5391.0
1.0,65.0
1.0,3430.0
1.0,1437.0
1.0,3422.0
1.0,288.0
1.0,4511.0
1.0,2045.0
1.0,2915.0
1.0,869.0
1.0,26.0
1.0,11.0
1.0,1.0
1.0,2968.0
1.0,4426.0
1.0,365.0
1.0,6240.0
1.0,5275.0
1.0,1913.0
1.0,1116.0
1.0,1785.0
1.0,2719.0
1.0,1.0
1.0,20.0
1.0,4004.0
1.0,22.0
1.0,5053.0
1.0,4920.0
1.0,4600.0
1.0,1526.0
1.0,610.0
1.0,2099.0
1.0,2174.0
1.0,950.0
1.0,817.0
1.0,2056.0
1.0,2076.0
1.0,730.0
1.0,2336.0
1.0,335.0
1.0,1827.0
1.0,2992.0
1.0,989.0
1.0,4157.0
1.0,1546.0
1.0,2726.0
1.0,1213.0
1.0,3593.0
1.0,4384.0
1.0,179.0
1.0,331.0
1.0,5650.0
1.0,2078.0
1.0,606.0
1.0,1380.0
1.0,2488.0
1.0,2379.0
1.0,762.0
1.0,2160.0
1.0,260.0
1.0,3726.0
1.0,1322.0
1.0,2837.0
1.0,76.0
1.0,2667.0
1.0,2564.0
1.0,197.0
1.0,2869.0
1.0,3599.0
1.0,1555.0
1.0,989.0
1.0,1875.0
1.0,3124.0
1.0,704.0
1.0,2394.0
1.0,1152.0
1.0,43.0
1.0,3589.0
1.0,351.0
1.0,3885.0
1.0,2307.0
1.0,3014.0
1.0,2313.0
1.0,8.0
1.0,2292.0
1.0,2705.0
1.0,474.0
1.0,2477.0
1.0,3.0
1.0,2719.0
1.0,203.0
1.0,2494.0
1.0,2372.0
1.0,3352.0
1.0,3.0
1.0,2664.0
1.0,3.0
1.0,1913.0
1.0,761.0
1.0,617.0
1.0,2449.0
1.0,3782.0
1.0,1796.0
1.0,4722.0
1.0,835.0
1.0,3157.0
1.0,3443.0
1.0,2673.0
1.0,956.0
1.0,6373.0
1.0,1880.0
1.0,2989.0
1.0,842.0
1.0,2593.0
1.0,5658.0
1.0,266.0
1.0,1604.0
1.0,89.0
1.0,23.0
1.0,6239.0
1.0,76.0
1.0,4309.0
1.0,798.0
1.0,11.0
1.0,1.0
1.0,2308.0
1.0,2098.0
1.0,982.0
1.0,3965.0
1.0,1188.0
1.0,1092.0
1.0,6657.0
1.0,1329.0
1.0,968.0
1.0,1716.0
1.0,941.0
1.0,2392.0
1.0,3767.0
1.0,1429.0
1.0,1564.0
1.0,1188.0
1.0,1661.0
1.0,662.0
1.0,4329.0
1.0,591.0
1.0,3007.0
1.0,1586.0
1.0,7.0
1.0,235.0
1.0,6174.0
1.0,411.0
1.0,3058.0
1.0,104.0
1.0,3045.0
1.0,3709.0
1.0,3026.0
1.0,4404.0
1.0,2722.0
1.0,2368.0
1.0,3647.0
1.0,3367.0
1.0,519.0
1.0,5348.0
1.0,5092.0
1.0,469.0
1.0,3111.0
1.0,2244.0
1.0,95.0
1.0,9852.0
1.0,1966.0
1.0,2438.0
1.0,1852.0
1.0,2464.0
1.0,3026.0
1.0,1039.0
1.0,3176.0
1.0,154.0
1.0,35.0
1.0,2722.0
1.0,962.0
1.0,750.0
1.0,3346.0
1.0,1755.0
1.0,2771.0
1.0,4763.0
1.0,456.0
1.0,1161.0
1.0,2073.0
1.0,4500.0
1.0,3.0
1.0,2599.0
1.0,4262.0
1.0,6478.0
1.0,233.0
1.0,773.0
1.0,3045.0
1.0,2128.0
1.0,18.0
1.0,2383.0
1.0,1641.0
1.0,4194.0
1.0,775.0
1.0,4295.0
1.0,233.0
1.0,1038.0
1.0,2114.0
1.0,3507.0
1.0,2712.0
1.0,4072.0
1.0,3474.0
1.0,3093.0
1.0,4133.0
1.0,216.0
1.0,95.0
1.0,2804.0
1.0,5260.0
1.0,144.0
1.0,2738.0
1.0,5706.0
1.0,3488.0
1.0,3475.0
1.0,1499.0
1.0,2368.0
1.0,3029.0
1.0,618.0
1.0,3886.0
1.0,1.0
1.0,20.0
1.0,742.0
1.0,3262.0
1.0,973.0
1.0,5049.0
1.0,3973.0
1.0,1834.0
1.0,4902.0
1.0,584.0
1.0,3689.0
1.0,1182.0
1.0,3353.0
1.0,1364.0
1.0,12.0
1.0,4297.0
1.0,404.0
1.0,3330.0
1.0,3725.0
1.0,4069.0
1.0,3170.0
1.0,3072.0
1.0,2184.0
1.0,4135.0
1.0,2454.0
1.0,5530.0
1.0,3354.0
1.0,2042.0
1.0,1203.0
1.0,2280.0
1.0,6566.0
1.0,1892.0
1.0,26.0
1.0,4319.0
1.0,3451.0
1.0,3017.0
1.0,451.0
1.0,2235.0
1.0,2233.0
1.0,2578.0
1.0,1420.0
1.0,2919.0
1.0,1981.0
1.0,2366.0
1.0,3478.0
1.0,2307.0
1.0,1797.0
1.0,910.0
1.0,4007.0
1.0,327.0
1.0,1428.0
1.0,2316.0
1.0,21.0
1.0,2477.0
1.0,1530.0
1.0,90.0
1.0,1102.0
1.0,1801.0
1.0,3231.0
1.0,37.0
1.0,3352.0
1.0,2667.0
1.0,1916.0
1.0,529.0
1.0,5278.0
1.0,1801.0
1.0,3365.0
1.0,790.0
1.0,6551.0
1.0,5559.0
1.0,3765.0
1.0,3769.0
1.0,2796.0
1.0,1318.0
1.0,4076.0
1.0,3.0
1.0,4097.0
1.0,1826.0
1.0,938.0
1.0,9770.0
1.0,3165.0
1.0,4366.0
1.0,1979.0
1.0,1418.0
1.0,5213.0
1.0,27.0
1.0,7421.0
1.0,2937.0
1.0,3136.0
1.0,6055.0
1.0,875.0
1.0,1919.0
1.0,2556.0
1.0,2541.0
1.0,20.0
1.0,3360.0
1.0,3675.0
1.0,2380.0
1.0,175.0
1.0,76.0
1.0,2939.0
1.0,3468.0
1.0,1889.0
1.0,155.0
1.0,3963.0
1.0,2261.0
1.0,1903.0
1.0,10760.0
1.0,2758.0
1.0,2210.0
1.0,955.0
1.0,4630.0
1.0,367.0
1.0,3714.0
1.0,5141.0
1.0,3225.0
1.0,3115.0
1.0,297.0
1.0,1301.0
1.0,759.0
1.0,3250.0
1.0,459.0
1.0,2586.0
1.0,3372.0
1.0,390.0
1.0,2745.0
1.0,3159.0
1.0,3296.0
1.0,4505.0
1.0,510.0
1.0,2931.0
1.0,2719.0
1.0,3886.0
1.0,3384.0
1.0,2423.0
1.0,2761.0
1.0,2141.0
1.0,953.0
1.0,3307.0
1.0,4643.0
1.0,297.0
1.0,3722.0
1.0,886.0
1.0,2348.0
1.0,1698.0
1.0,1865.0
1.0,942.0
1.0,2855.0
1.0,3823.0
1.0,3178.0
1.0,853.0
1.0,3652.0
1.0,4804.0
1.0,1319.0
1.0,4366.0
1.0,2532.0
1.0,409.0
1.0,2423.0
1.0,4126.0
1.0,3290.0
1.0,3633.0
1.0,2756.0
1.0,31.0
1.0,3814.0
1.0,1198.0
1.0,3237.0
1.0,4720.0
1.0,2244.0
1.0,3063.0
1.0,1478.0
1.0,3285.0
1.0,4082.0
1.0,1113.0
1.0,3419.0
1.0,5337.0
1.0,2179.0
1.0,417.0
1.0,1642.0
1.0,2308.0
1.0,1801.0
1.0,3231.0
1.0,4506.0
1.0,64.0
1.0,3305.0
1.0,94.0
1.0,1959.0
1.0,1140.0
1.0,3821.0
1.0,1983.0
1.0,1059.0
1.0,1978.0
1.0,4545.0
1.0,1943.0
1.0,1235.0
1.0,1161.0
1.0,1753.0
1.0,4454.0
1.0,2831.0
1.0,2000.0
1.0,1668.0
1.0,186.0
1.0,1784.0
1.0,1008.0
1.0,1308.0
1.0,2894.0
1.0,2779.0
1.0,2142.0
1.0,1010.0
1.0,42.0
1.0,2366.0
1.0,775.0
1.0,3257.0
1.0,2720.0
1.0,139.0
1.0,1480.0
1.0,3580.0
1.0,2459.0
1.0,5082.0
1.0,7388.0
1.0,1631.0
1.0,2974.0
1.0,4924.0
1.0,4224.0
1.0,2231.0
1.0,1861.0
1.0,2556.0
1.0,2156.0
1.0,43.0
1.0,2697.0
1.0,700.0
1.0,2454.0
1.0,3493.0
1.0,2045.0
1.0,143.0
1.0,774.0
1.0,1404.0
1.0,3066.0
1.0,271.0
1.0,4331.0
1.0,2939.0
1.0,5967.0
1.0,3457.0
1.0,3760.0
1.0,1100.0
1.0,4485.0
1.0,1177.0
1.0,2392.0
1.0,2311.0
1.0,2548.0
1.0,878.0
1.0,2688.0
1.0,2188.0
1.0,734.0
1.0,7847.0
1.0,49.0
1.0,221.0
1.0,6097.0
1.0,7422.0
1.0,2488.0
1.0,2640.0
1.0,3350.0
1.0,3763.0
1.0,356.0
1.0,4169.0
1.0,3016.0
1.0,385.0
1.0,8305.0
1.0,2042.0
1.0,495.0
1.0,1580.0
1.0,1429.0
1.0,5132.0
1.0,2863.0
1.0,1779.0
1.0,3541.0
1.0,1793.0
1.0,4444.0
1.0,3.0
1.0,186.0
1.0,4434.0
1.0,3346.0
1.0,269.0
1.0,2525.0
1.0,1732.0
1.0,2792.0
1.0,361.0
1.0,2744.0
1.0,6078.0
1.0,978.0
1.0,3.0
1.0,2656.0
1.0,2294.0
1.0,1833.0
1.0,6556.0
1.0,233.0
1.0,584.0
1.0,2098.0
1.0,1068.0
1.0,1790.0
1.0,2635.0
1.0,4701.0
1.0,3809.0
1.0,3300.0
1.0,113.0
1.0,8726.0
1.0,6.0
1.0,2677.0
1.0,3352.0
1.0,7279.0
1.0,659.0
1.0,4525.0
1.0,2574.0
1.0,2347.0
1.0,1708.0
1.0,745.0
1.0,3355.0
1.0,101.0
1.0,195.0
1.0,2625.0
1.0,110.0
1.0,3141.0
1.0,725.0
1.0,4270.0
1.0,6682.0
1.0,2155.0
1.0,3022.0
1.0,3912.0
1.0,2027.0
1.0,11688.0
1.0,54.0
1.0,5209.0
1.0,4231.0
1.0,4207.0
1.0,5021.0
1.0,1514.0
1.0,3177.0
1.0,2.0
1.0,6228.0
1.0,3936.0
1.0,2503.0
1.0,906.0
1.0,4403.0
1.0,986.0
1.0,3078.0
1.0,2512.0
1.0,3509.0
1.0,2427.0
1.0,3869.0
1.0,2047.0
1.0,6784.0
1.0,189.0
1.0,2149.0
1.0,107.0
1.0,4356.0
1.0,2968.0
1.0,2816.0
1.0,38.0
1.0,3055.0
1.0,4971.0
1.0,3906.0
1.0,313.0
1.0,7423.0
1.0,6175.0
1.0,1347.0
1.0,3167.0
1.0,3556.0
1.0,1817.0
1.0,5238.0
1.0,189.0
1.0,2831.0
1.0,4542.0
1.0,1576.0
1.0,1908.0
1.0,3027.0
1.0,4008.0
1.0,442.0
1.0,4601.0
1.0,14086.0
1.0,6304.0
1.0,596.0
1.0,3358.0
1.0,1380.0
1.0,2151.0
1.0,1894.0
1.0,797.0
1.0,60.0
1.0,3401.0
1.0,3174.0
1.0,4230.0
1.0,5449.0
1.0,1725.0
1.0,8480.0
1.0,2769.0
1.0,458.0
1.0,665.0
1.0,4264.0
1.0,3929.0
1.0,3666.0
1.0,1509.0
1.0,2451.0
1.0,1103.0
1.0,3886.0
1.0,422.0
1.0,321.0
1.0,5455.0
1.0,4615.0
1.0,4082.0
1.0,5447.0
1.0,6601.0
1.0,2758.0
1.0,1408.0
1.0,201.0
1.0,9538.0
1.0,1942.0
3.0,60.0
3.0,576.0
3.0,2998.0
3.0,2896.0
3.0,3148.0
3.0,15.0
3.0,3218.0
3.0,1676.0
3.0,1023.0
3.0,2304.0
3.0,627.0
3.0,3618.0
3.0,4.0
3.0,3573.0
3.0,1192.0
3.0,2743.0
3.0,2972.0
3.0,232.0
3.0,2610.0
3.0,2321.0
3.0,1188.0
3.0,3737.0
3.0,2384.0
3.0,2713.0
3.0,2705.0
3.0,3204.0
3.0,398.0
3.0,4832.0
3.0,2588.0
3.0,795.0
3.0,1472.0
3.0,1722.0
3.0,3101.0
3.0,15.0
3.0,4206.0
3.0,197.0
3.0,2069.0
3.0,1534.0
3.0,1023.0
3.0,3316.0
3.0,4.0
3.0,111.0
3.0,4.0
3.0,3579.0
3.0,422.0
3.0,1848.0
3.0,1569.0
3.0,96.0
3.0,3002.0
3.0,1134.0
3.0,781.0
3.0,2241.0
3.0,1273.0
3.0,2477.0
3.0,152.0
3.0,2002.0
3.0,3017.0
3.0,54.0
3.0,2763.0
3.0,1113.0
3.0,1104.0
3.0,2526.0
3.0,1933.0
3.0,2465.0
3.0,966.0
3.0,1897.0
3.0,1971.0
3.0,1468.0
3.0,3086.0
3.0,2366.0
3.0,121.0
3.0,13.0
3.0,1989.0
3.0,27.0
3.0,2141.0
3.0,2031.0
3.0,288.0
3.0,2511.0
3.0,147.0
3.0,2931.0
3.0,3203.0
3.0,1883.0
3.0,928.0
3.0,651.0
3.0,2679.0
3.0,797.0
3.0,1952.0
3.0,2034.0
3.0,4918.0
3.0,2730.0
3.0,54.0
3.0,1066.0
3.0,189.0
3.0,3726.0
3.0,3423.0
3.0,3795.0
3.0,3223.0
3.0,3079.0
3.0,1156.0
3.0,1010.0
3.0,1934.0
3.0,1473.0
3.0,13.0
3.0,1382.0
3.0,2682.0
3.0,93.0
3.0,2031.0
3.0,1681.0
3.0,4196.0
3.0,1740.0
3.0,3582.0
3.0,434.0
3.0,2023.0
3.0,6537.0
3.0,2056.0
3.0,523.0
3.0,3655.0
3.0,3667.0
3.0,1139.0
3.0,4515.0
3.0,355.0
3.0,476.0
3.0,2907.0
3.0,387.0
3.0,2418.0
3.0,146.0
3.0,3451.0
3.0,2985.0
3.0,1.0
3.0,1.0
3.0,1.0
3.0,2935.0
3.0,8.0
3.0,799.0
3.0,5750.0
3.0,851.0
3.0,2644.0
3.0,4523.0
3.0,938.0
3.0,1714.0
3.0,2286.0
3.0,371.0
3.0,2611.0
3.0,1559.0
3.0,2329.0
3.0,2633.0
3.0,2242.0
3.0,1052.0
3.0,3837.0
3.0,60.0
3.0,1956.0
3.0,1633.0
3.0,422.0
3.0,2644.0
3.0,3037.0
3.0,387.0
3.0,4648.0
3.0,1367.0
3.0,187.0
3.0,2697.0
3.0,101.0
3.0,1.0
3.0,1.0
3.0,1.0
3.0,2935.0
3.0,3618.0
3.0,2939.0
3.0,1288.0
3.0,1869.0
3.0,2.0
3.0,5797.0
3.0,223.0
3.0,259.0
3.0,1610.0
3.0,2279.0
3.0,1759.0
3.0,852.0
3.0,1559.0
3.0,1890.0
3.0,2690.0
3.0,485.0
3.0,2713.0
3.0,2589.0
3.0,189.0
3.0,2623.0
3.0,5520.0
3.0,1867.0
3.0,4130.0
3.0,185.0
3.0,5910.0
3.0,2273.0
3.0,2538.0
3.0,4437.0
3.0,3925.0
3.0,3844.0
3.0,4543.0
3.0,2961.0
3.0,80.0
3.0,2093.0
3.0,4535.0
3.0,4615.0
3.0,502.0
3.0,2786.0
3.0,36.0
3.0,3362.0
3.0,2371.0
3.0,238.0
3.0,1637.0
3.0,2958.0
3.0,399.0
3.0,4846.0
3.0,3698.0
3.0,2477.0
3.0,4057.0
3.0,3319.0
3.0,1644.0
3.0,1832.0
3.0,1274.0
3.0,1531.0
3.0,2.0
3.0,2463.0
3.0,527.0
3.0,2105.0
3.0,2237.0
3.0,1980.0
3.0,2182.0
3.0,1923.0
3.0,4049.0
3.0,3854.0
3.0,36.0
3.0,3600.0
3.0,921.0
3.0,1212.0
3.0,1943.0
3.0,245.0
3.0,163.0
3.0,197.0
3.0,2659.0
3.0,1851.0
3.0,1554.0
3.0,2697.0
3.0,1104.0
3.0,1789.0
3.0,2332.0
3.0,1344.0
3.0,46.0
3.0,42.0
3.0,6092.0
3.0,4.0
3.0,2.0
3.0,1690.0
3.0,3073.0
3.0,1847.0
3.0,1907.0
3.0,2639.0
3.0,1714.0
3.0,81.0
3.0,2092.0
3.0,1877.0
3.0,1500.0
3.0,983.0
3.0,2891.0
3.0,2735.0
3.0,2488.0
3.0,3054.0
3.0,2466.0
3.0,1867.0
3.0,137.0
3.0,1693.0
3.0,1961.0
3.0,63.0
3.0,2867.0
3.0,2233.0
3.0,2205.0
3.0,1986.0
3.0,2262.0
3.0,2167.0
3.0,2865.0
3.0,1851.0
3.0,2556.0
3.0,4109.0
3.0,1298.0
3.0,1202.0
3.0,4053.0
3.0,173.0
3.0,2680.0
3.0,6521.0
3.0,1631.0
3.0,1180.0
3.0,4249.0
3.0,1949.0
3.0,338.0
3.0,2433.0
3.0,73.0
3.0,1.0
3.0,134.0
3.0,1.0
3.0,4.0
3.0,3774.0
3.0,2106.0
3.0,2986.0
3.0,1.0
3.0,3277.0
3.0,2357.0
3.0,2105.0
3.0,237.0
3.0,2272.0
3.0,2064.0
3.0,221.0
3.0,5134.0
3.0,1567.0
3.0,577.0
3.0,1348.0
3.0,1942.0
3.0,643.0
3.0,2872.0
3.0,4249.0
3.0,80.0
3.0,3009.0
3.0,1751.0
3.0,1236.0
3.0,2987.0
3.0,3507.0
3.0,593.0
3.0,1873.0
3.0,2.0
3.0,2297.0
3.0,1068.0
3.0,3127.0
3.0,4763.0
3.0,3501.0
3.0,1724.0
3.0,7524.0
3.0,4.0
3.0,2.0
3.0,3571.0
3.0,1192.0
3.0,2743.0
3.0,1964.0
3.0,1118.0
3.0,5053.0
3.0,3285.0
3.0,1640.0
3.0,3257.0
3.0,1768.0
3.0,2221.0
3.0,2759.0
3.0,2466.0
3.0,1410.0
3.0,2355.0
3.0,419.0
3.0,1.0
3.0,181.0
3.0,2764.0
3.0,5957.0
3.0,295.0
3.0,1738.0
3.0,3138.0
3.0,1372.0
3.0,1758.0
3.0,3196.0
3.0,1143.0
3.0,4.0
3.0,114.0
3.0,3580.0
3.0,916.0
3.0,2403.0
3.0,1.0
3.0,2464.0
3.0,1998.0
3.0,1487.0
3.0,104.0
3.0,1.0
3.0,3074.0
3.0,2395.0
3.0,2196.0
3.0,1.0
3.0,2074.0
3.0,2031.0
3.0,2429.0
3.0,2.0
3.0,2.0
3.0,366.0
3.0,4518.0
3.0,1045.0
3.0,6.0
3.0,2381.0
3.0,5055.0
3.0,76.0
3.0,3418.0
3.0,125.0
3.0,3150.0
3.0,545.0
3.0,2868.0
3.0,886.0
3.0,2123.0
3.0,1028.0
3.0,3854.0
3.0,1166.0
3.0,1879.0
3.0,1.0
3.0,2203.0
3.0,3746.0
3.0,104.0
3.0,3075.0
3.0,195.0
3.0,3473.0
3.0,1685.0
3.0,2022.0
3.0,2403.0
3.0,115.0
3.0,1953.0
3.0,4082.0
3.0,89.0
3.0,2346.0
3.0,181.0
3.0,1569.0
3.0,93.0
3.0,2817.0
3.0,3729.0
3.0,3263.0
3.0,1181.0
3.0,2612.0
3.0,3.0
3.0,120.0
3.0,5528.0
3.0,446.0
3.0,3029.0
3.0,3988.0
3.0,3984.0
3.0,1795.0
3.0,1043.0
3.0,1323.0
3.0,3379.0
3.0,148.0
3.0,5321.0
3.0,404.0
3.0,46.0
3.0,2814.0
3.0,3724.0
3.0,591.0
3.0,1612.0
3.0,1987.0
3.0,162.0
3.0,3.0
3.0,6.0
3.0,129.0
3.0,3585.0
3.0,2974.0
3.0,288.0
3.0,2023.0
3.0,172.0
3.0,119.0
3.0,1637.0
3.0,3275.0
3.0,545.0
3.0,2868.0
3.0,1730.0
3.0,1279.0
3.0,2902.0
3.0,2742.0
3.0,2800.0
3.0,96.0
3.0,2972.0
3.0,202.0
3.0,30.0
3.0,1625.0
3.0,3177.0
3.0,510.0
3.0,2291.0
3.0,2253.0
3.0,2378.0
3.0,185.0
3.0,2110.0
3.0,2032.0
3.0,3507.0
3.0,1261.0
3.0,1678.0
3.0,1826.0
3.0,6.0
3.0,2937.0
3.0,2.0
3.0,2696.0
3.0,383.0
3.0,4912.0
3.0,4443.0
3.0,1850.0
3.0,1567.0
3.0,1837.0
3.0,1029.0
3.0,3287.0
3.0,3611.0
3.0,1.0
3.0,1575.0
3.0,2.0
3.0,4173.0
3.0,1416.0
3.0,2263.0
3.0,2.0
3.0,3780.0
3.0,1752.0
3.0,3078.0
3.0,80.0
3.0,1363.0
3.0,328.0
3.0,2698.0
3.0,2635.0
3.0,2.0
3.0,3795.0
3.0,4.0
3.0,5.0
3.0,3598.0
3.0,3089.0
3.0,442.0
3.0,3760.0
3.0,38.0
3.0,3138.0
3.0,2795.0
3.0,755.0
3.0,28.0
3.0,3713.0
3.0,178.0
3.0,2152.0
3.0,1946.0
3.0,128.0
3.0,2055.0
3.0,2893.0
3.0,1476.0
3.0,2420.0
3.0,2096.0
3.0,470.0
3.0,1497.0
3.0,1304.0
3.0,1262.0
3.0,3168.0
3.0,386.0
3.0,1848.0
3.0,1424.0
3.0,3583.0
3.0,794.0
3.0,2121.0
3.0,2222.0
3.0,3.0
3.0,4076.0
3.0,252.0
3.0,2654.0
3.0,3071.0
3.0,880.0
3.0,2843.0
3.0,2385.0
3.0,136.0
3.0,4643.0
3.0,951.0
3.0,4279.0
3.0,2904.0
3.0,3068.0
3.0,1009.0
3.0,1986.0
3.0,2039.0
3.0,1658.0
3.0,1143.0
3.0,1916.0
3.0,3452.0
3.0,1554.0
3.0,5262.0
3.0,79.0
3.0,2595.0
3.0,1568.0
3.0,8.0
3.0,130.0
3.0,1.0
3.0,1.0
3.0,1.0
3.0,1.0
3.0,1.0
3.0,4520.0
3.0,1360.0
3.0,3.0
3.0,2882.0
3.0,100.0
3.0,1.0
3.0,1.0
3.0,1.0
3.0,3276.0
3.0,1492.0
3.0,1599.0
3.0,3651.0
3.0,1.0
3.0,324.0
3.0,1.0
3.0,2696.0
3.0,1.0
3.0,1822.0
3.0,1.0
3.0,3584.0
3.0,1714.0
3.0,1952.0
3.0,334.0
3.0,1798.0
3.0,2743.0
3.0,1.0
3.0,1178.0
3.0,3713.0
3.0,1.0
3.0,4224.0
3.0,804.0
3.0,3000.0
3.0,17.0
3.0,1.0
3.0,3225.0
3.0,281.0
3.0,4765.0
3.0,1.0
3.0,1.0
3.0,1.0
3.0,4.0
3.0,493.0
3.0,3420.0
3.0,2063.0
3.0,5021.0
3.0,4378.0
3.0,1370.0
3.0,2047.0
3.0,2526.0
3.0,221.0
3.0,119.0
3.0,5367.0
3.0,1215.0
3.0,172.0
3.0,145.0
3.0,1608.0
3.0,3574.0
3.0,2962.0
3.0,3527.0
3.0,2732.0
3.0,1751.0
3.0,3330.0
3.0,23.0
3.0,3003.0
3.0,2637.0
3.0,1205.0
3.0,1188.0
3.0,4.0
3.0,106.0
3.0,387.0
3.0,5483.0
3.0,48.0
3.0,4950.0
3.0,3833.0
3.0,297.0
3.0,2931.0
3.0,1225.0
3.0,1833.0
3.0,2617.0
3.0,140.0
3.0,3175.0
3.0,1999.0
3.0,28.0
3.0,3085.0
3.0,232.0
3.0,1370.0
3.0,4770.0
3.0,2378.0
3.0,3722.0
3.0,102.0
3.0,2602.0
3.0,751.0
3.0,3003.0
3.0,2709.0
3.0,5013.0
3.0,180.0
3.0,2822.0
3.0,1657.0
3.0,2296.0
3.0,987.0
3.0,1967.0
3.0,1047.0
3.0,839.0
3.0,3003.0
3.0,1691.0
3.0,852.0
3.0,3602.0
3.0,152.0
3.0,3475.0
3.0,3391.0
3.0,3161.0
3.0,2032.0
3.0,1673.0
3.0,1475.0
3.0,2712.0
3.0,2882.0
3.0,3655.0
3.0,1351.0
3.0,2486.0
3.0,4590.0
3.0,1827.0
3.0,1.0
3.0,5390.0
3.0,2287.0
3.0,265.0
3.0,3014.0
3.0,2148.0
3.0,3385.0
3.0,8081.0
3.0,2696.0
3.0,1002.0
3.0,4075.0
3.0,2207.0
3.0,4728.0
3.0,2140.0
3.0,3189.0
3.0,2295.0
3.0,2486.0
3.0,3238.0
3.0,1081.0
3.0,2098.0
3.0,70.0
3.0,3129.0
3.0,9.0
3.0,4648.0
3.0,919.0
3.0,1798.0
3.0,1209.0
3.0,3364.0
3.0,3495.0
3.0,2208.0
3.0,854.0
3.0,2036.0
3.0,3873.0
3.0,2261.0
3.0,18.0
3.0,1577.0
3.0,4546.0
3.0,2749.0
3.0,1143.0
3.0,920.0
3.0,3280.0
3.0,159.0
3.0,2713.0
3.0,3124.0
3.0,2277.0
3.0,4517.0
3.0,2.0
3.0,2.0
3.0,4044.0
3.0,9.0
3.0,4648.0
3.0,2035.0
3.0,971.0
3.0,1153.0
3.0,2078.0
3.0,1936.0
3.0,1240.0
3.0,5842.0
3.0,1627.0
3.0,4226.0
3.0,507.0
3.0,2800.0
3.0,3211.0
3.0,532.0
3.0,1735.0
3.0,2151.0
3.0,473.0
3.0,3054.0
3.0,297.0
3.0,2706.0
3.0,2318.0
3.0,933.0
3.0,1582.0
3.0,869.0
3.0,2714.0
3.0,159.0
3.0,1893.0
3.0,1041.0
3.0,2149.0
3.0,316.0
3.0,155.0
3.0,2381.0
3.0,5055.0
3.0,3970.0
3.0,4036.0
3.0,688.0
3.0,2374.0
3.0,2036.0
3.0,2068.0
3.0,1805.0
3.0,2261.0
3.0,2144.0
3.0,1940.0
3.0,1993.0
3.0,64.0
3.0,2749.0
3.0,6952.0
3.0,3860.0
3.0,2804.0
3.0,4519.0
3.0,393.0
3.0,722.0
3.0,2848.0
3.0,3122.0
3.0,2124.0
3.0,3813.0
3.0,4210.0
3.0,4420.0
3.0,280.0
3.0,3536.0
3.0,3997.0
3.0,2436.0
3.0,493.0
3.0,3356.0
3.0,186.0
3.0,2680.0
3.0,4101.0
3.0,3225.0
3.0,2006.0
3.0,4249.0
3.0,1895.0
3.0,54.0
3.0,3136.0
3.0,493.0
3.0,6516.0
3.0,1869.0
3.0,3003.0
3.0,155.0
3.0,2661.0
3.0,3413.0
3.0,3009.0
3.0,3333.0
3.0,2715.0
3.0,2144.0
3.0,2630.0
3.0,2572.0
3.0,2479.0
3.0,4851.0
3.0,1166.0
3.0,4944.0
3.0,2068.0
3.0,1430.0
3.0,2741.0
3.0,393.0
3.0,2377.0
3.0,2939.0
3.0,2260.0
3.0,819.0
3.0,3172.0
3.0,1738.0
3.0,2004.0
3.0,2169.0
3.0,272.0
3.0,1938.0
3.0,3081.0
3.0,5757.0
3.0,270.0
3.0,3711.0
3.0,2.0
3.0,41.0
3.0,4434.0
3.0,3074.0
3.0,305.0
3.0,2090.0
3.0,3261.0
3.0,805.0
3.0,2236.0
3.0,1989.0
3.0,148.0
3.0,294.0
3.0,3819.0
3.0,1072.0
3.0,3059.0
3.0,1596.0
3.0,96.0
3.0,4001.0
3.0,2217.0
3.0,2005.0
3.0,871.0
3.0,2593.0
3.0,3412.0
3.0,1550.0
3.0,2509.0
3.0,1823.0
3.0,241.0
3.0,3091.0
3.0,408.0
3.0,194.0
3.0,2013.0
3.0,2969.0
3.0,3563.0
3.0,1379.0
3.0,627.0
3.0,1738.0
3.0,1986.0
3.0,952.0
3.0,2262.0
3.0,2013.0
3.0,3048.0
3.0,1983.0
3.0,3138.0
3.0,2464.0
3.0,3531.0
3.0,3171.0
3.0,986.0
3.0,1829.0
3.0,1126.0
3.0,1893.0
3.0,1.0
3.0,3273.0
3.0,4.0
3.0,5516.0
3.0,71.0
3.0,2101.0
3.0,3208.0
3.0,3494.0
3.0,1567.0
3.0,1956.0
3.0,3625.0
3.0,5353.0
3.0,3195.0
3.0,2342.0
3.0,1236.0
3.0,1926.0
3.0,1265.0
3.0,3398.0
3.0,2371.0
3.0,1834.0
3.0,1764.0
3.0,1053.0
3.0,2325.0
3.0,2023.0
3.0,2796.0
3.0,484.0
3.0,3155.0
3.0,37.0
3.0,88.0
3.0,1744.0
3.0,3784.0
3.0,1452.0
3.0,4132.0
3.0,2.0
3.0,1127.0
3.0,3029.0
3.0,1705.0
3.0,1459.0
3.0,2707.0
3.0,6143.0
3.0,3104.0
3.0,3191.0
3.0,3515.0
3.0,328.0
3.0,2394.0
3.0,2937.0
3.0,175.0
3.0,2764.0
3.0,1194.0
3.0,1885.0
3.0,1919.0
3.0,1359.0
3.0,4146.0
3.0,1659.0
3.0,4156.0
3.0,1833.0
3.0,2709.0
3.0,766.0
3.0,3391.0
3.0,3059.0
3.0,102.0
3.0,3487.0
3.0,3.0
3.0,3074.0
3.0,825.0
3.0,2378.0
3.0,4373.0
3.0,3552.0
3.0,104.0
3.0,3399.0
3.0,3488.0
3.0,2986.0
3.0,480.0
3.0,3118.0
3.0,1971.0
3.0,2412.0
3.0,1312.0
3.0,2502.0
3.0,149.0
3.0,3491.0
3.0,2208.0
3.0,2211.0
3.0,4375.0
3.0,3571.0
3.0,13.0
3.0,2.0
3.0,49.0
3.0,2965.0
3.0,3164.0
3.0,1890.0
3.0,817.0
3.0,4200.0
3.0,1405.0
3.0,3642.0
3.0,2857.0
3.0,2.0
3.0,2.0
3.0,4882.0
3.0,2.0
3.0,2.0
3.0,3153.0
3.0,2.0
3.0,1463.0
3.0,787.0
3.0,2720.0
3.0,1125.0
3.0,919.0
3.0,5085.0
3.0,2785.0
3.0,1372.0
3.0,5505.0
3.0,1216.0
3.0,4778.0
3.0,4702.0
3.0,2212.0
3.0,1377.0
3.0,2093.0
3.0,1808.0
3.0,1719.0
3.0,2084.0
3.0,810.0
3.0,5691.0
3.0,3724.0
3.0,2203.0
3.0,1987.0
3.0,1595.0
3.0,1954.0
3.0,1978.0
3.0,1331.0
3.0,2123.0
3.0,1887.0
3.0,5520.0
3.0,622.0
3.0,4074.0
3.0,522.0
3.0,287.0
3.0,3911.0
3.0,1082.0
3.0,1710.0
3.0,779.0
3.0,2361.0
3.0,853.0
3.0,2168.0
3.0,44.0
3.0,2657.0
3.0,813.0
3.0,1808.0
3.0,1719.0
3.0,1.0
3.0,1770.0
3.0,3047.0
3.0,40.0
3.0,3289.0
3.0,438.0
3.0,1518.0
3.0,1491.0
3.0,1875.0
3.0,1528.0
3.0,2235.0
3.0,1945.0
3.0,850.0
3.0,2.0
3.0,1713.0
3.0,1366.0
3.0,2.0
3.0,186.0
3.0,2697.0
3.0,3379.0
3.0,3091.0
3.0,1850.0
3.0,1567.0
3.0,2862.0
3.0,4.0
3.0,2.0
3.0,3355.0
3.0,2013.0
3.0,2969.0
3.0,137.0
3.0,2.0
3.0,164.0
3.0,416.0
3.0,5007.0
3.0,2.0
3.0,2263.0
3.0,3780.0
3.0,2.0
3.0,4148.0
3.0,2451.0
3.0,2.0
3.0,2696.0
3.0,2637.0
3.0,2.0
3.0,2764.0
3.0,1413.0
3.0,4544.0
3.0,2497.0
3.0,2509.0
3.0,1473.0
3.0,2219.0
3.0,288.0
3.0,2511.0
3.0,1261.0
3.0,7063.0
3.0,1419.0
3.0,4367.0
3.0,703.0
3.0,2782.0
3.0,608.0
3.0,4192.0
3.0,2699.0
3.0,2628.0
3.0,2166.0
3.0,2526.0
3.0,86.0
3.0,4312.0
3.0,307.0
3.0,5089.0
3.0,2.0
3.0,3709.0
3.0,15.0
3.0,4146.0
3.0,1993.0
3.0,1.0
3.0,3135.0
3.0,1748.0
3.0,3480.0
3.0,2437.0
3.0,1580.0
3.0,3199.0
3.0,3589.0
3.0,3901.0
3.0,1.0
3.0,3800.0
3.0,2.0
3.0,2037.0
3.0,26.0
3.0,4434.0
3.0,2.0
3.0,2.0
3.0,4884.0
3.0,2.0
3.0,3153.0
3.0,2.0
3.0,1.0
3.0,371.0
3.0,1.0
3.0,9311.0
3.0,3228.0
3.0,2041.0
3.0,1.0
3.0,1.0
3.0,4076.0
3.0,5258.0
3.0,1.0
3.0,9833.0
3.0,3901.0
3.0,1.0
3.0,5865.0
3.0,1473.0
3.0,1.0
3.0,1.0
3.0,1.0
3.0,5172.0
3.0,3867.0
3.0,337.0
3.0,3600.0
3.0,372.0
3.0,1946.0
3.0,4177.0
3.0,3189.0
3.0,3228.0
3.0,2041.0
3.0,36.0
3.0,88.0
3.0,5.0
3.0,2938.0
3.0,2761.0
3.0,2496.0
3.0,2913.0
3.0,18.0
3.0,1577.0
3.0,2984.0
3.0,1562.0
3.0,1792.0
3.0,2100.0
3.0,1872.0
3.0,2483.0
3.0,1701.0
3.0,4928.0
3.0,4965.0
3.0,109.0
3.0,5550.0
3.0,1965.0
3.0,376.0
3.0,6616.0
3.0,1246.0
3.0,6272.0
3.0,1496.0
3.0,3419.0
3.0,8355.0
3.0,2216.0
3.0,3115.0
3.0,2197.0
3.0,2832.0
3.0,2989.0
3.0,3815.0
3.0,1316.0
3.0,7699.0
3.0,224.0
3.0,994.0
3.0,2786.0
3.0,2902.0
3.0,3691.0
3.0,3107.0
3.0,3204.0
3.0,2046.0
3.0,2211.0
3.0,2347.0
3.0,2150.0
3.0,3949.0
3.0,5884.0
3.0,3051.0
3.0,216.0
3.0,3059.0
3.0,4784.0
3.0,6168.0
3.0,2319.0
3.0,3177.0
3.0,90.0
3.0,2696.0
3.0,252.0
3.0,3392.0
3.0,6056.0
3.0,2310.0
3.0,2940.0
3.0,3251.0
3.0,5179.0
3.0,2388.0
3.0,2565.0
3.0,2062.0
3.0,191.0
3.0,4172.0
3.0,3059.0
3.0,5006.0
3.0,475.0
3.0,2542.0
3.0,2245.0
3.0,5724.0
3.0,623.0
3.0,2111.0
3.0,3316.0
3.0,2475.0
3.0,8197.0
3.0,4522.0
3.0,3408.0
3.0,1289.0
3.0,1734.0
3.0,822.0
3.0,2440.0
3.0,5542.0
3.0,85.0
3.0,7246.0
3.0,1853.0
3.0,2065.0
3.0,1249.0
3.0,1921.0
3.0,3048.0
3.0,70.0
3.0,1696.0
3.0,6200.0
3.0,1233.0
3.0,2497.0
3.0,4283.0
3.0,3955.0
3.0,1840.0
3.0,1066.0
3.0,3228.0
3.0,2952.0
3.0,2525.0
3.0,1041.0
3.0,7229.0
3.0,1725.0
3.0,4250.0
3.0,7719.0
3.0,1547.0
3.0,2452.0
3.0,2012.0
3.0,1919.0
3.0,3174.0
3.0,3090.0
3.0,1116.0
3.0,1975.0
3.0,1850.0
3.0,4314.0
3.0,4.0
3.0,111.0
3.0,4.0
3.0,3357.0
3.0,2013.0
3.0,2969.0
3.0,4092.0
3.0,443.0
3.0,1753.0
3.0,3770.0
3.0,177.0
3.0,5056.0
3.0,3855.0
3.0,38.0
3.0,3360.0
3.0,2609.0
3.0,1949.0
3.0,733.0
3.0,2945.0
3.0,4711.0
3.0,3050.0
3.0,4929.0
3.0,7993.0
3.0,4860.0
3.0,5188.0
3.0,1976.0
3.0,600.0
3.0,3062.0
3.0,3419.0
3.0,3892.0
3.0,4663.0
3.0,6459.0
3.0,5811.0
3.0,2629.0
3.0,6364.0
3.0,147.0
3.0,5540.0
3.0,3966.0
3.0,1968.0
3.0,56.0
3.0,4118.0
3.0,1992.0
3.0,2269.0
3.0,2551.0
3.0,5147.0
3.0,504.0
3.0,2798.0
5.0,187.0
5.0,442.0
5.0,2587.0
5.0,1.0
5.0,1.0
5.0,2.0
5.0,2701.0
5.0,3248.0
5.0,159.0
5.0,1.0
5.0,119.0
5.0,2845.0
5.0,1866.0
5.0,593.0
5.0,2599.0
5.0,1.0
5.0,1844.0
5.0,1878.0
5.0,4013.0
5.0,115.0
5.0,1.0
5.0,3130.0
5.0,1050.0
5.0,430.0
5.0,1471.0
5.0,2679.0
5.0,3368.0
5.0,3.0
5.0,1.0
5.0,3885.0
5.0,1.0
5.0,1.0
5.0,1.0
5.0,187.0
5.0,4172.0
5.0,756.0
5.0,1934.0
5.0,1.0
5.0,1956.0
5.0,2993.0
5.0,1074.0
5.0,1945.0
5.0,169.0
5.0,1915.0
5.0,13.0
5.0,1.0
5.0,1.0
5.0,2.0
5.0,2.0
5.0,415.0
5.0,2328.0
5.0,316.0
5.0,215.0
5.0,2325.0
5.0,2.0
5.0,2789.0
5.0,1353.0
5.0,1.0
5.0,119.0
5.0,2845.0
5.0,1361.0
5.0,441.0
5.0,3256.0
5.0,1.0
5.0,2.0
5.0,140.0
5.0,4.0
5.0,233.0
5.0,3337.0
5.0,5.0
5.0,3066.0
5.0,2.0
5.0,2726.0
5.0,2516.0
5.0,4.0
5.0,3651.0
5.0,5.0
5.0,2111.0
5.0,2.0
5.0,7.0
5.0,4487.0
5.0,359.0
5.0,1180.0
5.0,2253.0
5.0,1052.0
5.0,2.0
5.0,1086.0
5.0,2685.0
5.0,2559.0
5.0,744.0
5.0,264.0
5.0,2428.0
5.0,2.0
5.0,2144.0
5.0,1905.0
5.0,1.0
5.0,1.0
5.0,2.0
5.0,8.0
5.0,1.0
5.0,1.0
5.0,5.0
5.0,2.0
5.0,1.0
5.0,3.0
5.0,3.0
5.0,1.0
5.0,2.0
5.0,58.0
5.0,580.0
5.0,2004.0
5.0,2.0
5.0,2533.0
5.0,5.0
5.0,2.0
5.0,2621.0
5.0,3.0
5.0,167.0
5.0,3153.0
5.0,5.0
5.0,3049.0
5.0,549.0
5.0,6.0
5.0,11.0
5.0,2604.0
5.0,2.0
5.0,185.0
5.0,1.0
5.0,5427.0
5.0,1612.0
5.0,133.0
5.0,384.0
5.0,2219.0
5.0,1236.0
5.0,1846.0
5.0,2257.0
5.0,384.0
5.0,1859.0
5.0,257.0
5.0,2175.0
5.0,2232.0
5.0,87.0
5.0,354.0
5.0,2549.0
5.0,889.0
5.0,1052.0
5.0,2.0
5.0,1844.0
5.0,2555.0
5.0,1453.0
5.0,1219.0
5.0,3.0
5.0,2.0
5.0,2692.0
5.0,803.0
5.0,3246.0
5.0,2.0
5.0,2.0
5.0,2.0
5.0,6.0
5.0,1.0
5.0,2.0
5.0,4.0
5.0,3.0
5.0,2.0
5.0,2.0
5.0,2.0
5.0,69.0
5.0,2788.0
5.0,221.0
5.0,2106.0
5.0,2219.0
5.0,409.0
5.0,3237.0
5.0,79.0
5.0,5.0
5.0,2960.0
5.0,91.0
5.0,563.0
5.0,3.0
5.0,2746.0
5.0,3501.0
5.0,71.0
5.0,3.0
5.0,1.0
5.0,3065.0
5.0,2.0
5.0,2726.0
5.0,2520.0
5.0,429.0
5.0,3224.0
5.0,5.0
5.0,24.0
5.0,617.0
5.0,3652.0
5.0,2661.0
5.0,5.0
5.0,1.0
5.0,6.0
5.0,3.0
5.0,3706.0
5.0,2447.0
5.0,25.0
5.0,128.0
5.0,125.0
5.0,2407.0
5.0,40.0
5.0,2678.0
5.0,264.0
5.0,1091.0
5.0,2784.0
5.0,48.0
5.0,30.0
5.0,2532.0
5.0,6.0
5.0,3.0
5.0,6.0
5.0,12.0
5.0,52.0
5.0,133.0
5.0,449.0
5.0,8.0
5.0,2573.0
5.0,1889.0
5.0,2199.0
5.0,175.0
5.0,1689.0
5.0,160.0
5.0,1800.0
5.0,1943.0
5.0,459.0
5.0,2351.0
5.0,1829.0
5.0,1429.0
5.0,56.0
5.0,1875.0
5.0,2657.0
5.0,1359.0
5.0,11.0
5.0,2219.0
5.0,2496.0
5.0,2662.0
5.0,2.0
5.0,1486.0
5.0,1033.0
5.0,2337.0
5.0,1.0
5.0,2668.0
5.0,2.0
5.0,3150.0
5.0,615.0
5.0,2546.0
5.0,4.0
5.0,19.0
5.0,4.0
5.0,91.0
5.0,303.0
5.0,4092.0
5.0,1237.0
5.0,2199.0
5.0,3.0
5.0,2142.0
5.0,2.0
5.0,57.0
5.0,1848.0
5.0,67.0
5.0,2293.0
5.0,713.0
5.0,2109.0
5.0,9.0
5.0,2113.0
5.0,96.0
5.0,73.0
5.0,5.0
5.0,337.0
5.0,2583.0
5.0,734.0
5.0,1697.0
5.0,1353.0
5.0,559.0
5.0,12.0
5.0,2596.0
5.0,4.0
5.0,141.0
5.0,258.0
5.0,3098.0
5.0,218.0
5.0,2.0
5.0,5.0
5.0,3064.0
5.0,867.0
5.0,1278.0
5.0,2264.0
5.0,1725.0
5.0,2.0
5.0,2196.0
5.0,3.0
5.0,2512.0
5.0,171.0
5.0,364.0
5.0,1808.0
5.0,2322.0
5.0,1489.0
5.0,79.0
5.0,2718.0
5.0,2.0
5.0,84.0
5.0,2.0
5.0,22.0
5.0,3320.0
5.0,2980.0
5.0,1.0
5.0,2767.0
5.0,1150.0
5.0,3.0
5.0,28.0
5.0,2675.0
5.0,1342.0
5.0,4.0
5.0,6.0
5.0,4.0
5.0,246.0
5.0,2827.0
5.0,3.0
5.0,2101.0
5.0,5.0
5.0,3.0
5.0,6.0
5.0,2617.0
5.0,3238.0
5.0,80.0
5.0,1686.0
5.0,1925.0
5.0,8.0
5.0,2567.0
5.0,3538.0
5.0,216.0
5.0,2423.0
5.0,1517.0
5.0,91.0
5.0,97.0
5.0,4.0
5.0,3350.0
5.0,1725.0
5.0,2.0
5.0,2763.0
5.0,1949.0
5.0,2346.0
5.0,289.0
5.0,2372.0
5.0,3.0
5.0,3.0
5.0,4.0
5.0,1.0
5.0,3934.0
5.0,81.0
5.0,27.0
5.0,1953.0
5.0,1367.0
5.0,1609.0
5.0,2049.0
5.0,2997.0
5.0,132.0
5.0,2379.0
5.0,1780.0
5.0,1.0
5.0,7.0
5.0,1.0
5.0,4.0
5.0,1.0
5.0,6.0
5.0,4.0
5.0,52.0
5.0,15.0
5.0,3147.0
5.0,1965.0
5.0,1287.0
5.0,934.0
5.0,116.0
5.0,2469.0
5.0,1140.0
5.0,1945.0
5.0,1668.0
5.0,1546.0
5.0,1258.0
5.0,3525.0
5.0,13.0
5.0,3094.0
5.0,2839.0
5.0,1535.0
5.0,834.0
5.0,891.0
5.0,2196.0
5.0,4.0
5.0,2419.0
5.0,2.0
5.0,92.0
5.0,2346.0
5.0,2226.0
5.0,91.0
5.0,3197.0
5.0,1173.0
5.0,2316.0
5.0,1031.0
5.0,2320.0
5.0,1876.0
5.0,2179.0
5.0,9.0
5.0,2657.0
5.0,57.0
5.0,1849.0
5.0,17.0
5.0,4.0
5.0,632.0
5.0,1574.0
5.0,1005.0
5.0,1971.0
5.0,231.0
5.0,2395.0
5.0,2173.0
5.0,15.0
5.0,3070.0
5.0,1616.0
5.0,58.0
5.0,8.0
5.0,453.0
5.0,5862.0
5.0,12.0
5.0,2803.0
5.0,1316.0
5.0,3134.0
5.0,2064.0
5.0,2646.0
5.0,1949.0
5.0,162.0
5.0,4848.0
5.0,3.0
5.0,4.0
5.0,2703.0
5.0,1313.0
5.0,2315.0
5.0,1932.0
5.0,2758.0
5.0,3266.0
5.0,2112.0
5.0,1912.0
5.0,6.0
5.0,1.0
5.0,4.0
5.0,1.0
5.0,8.0
5.0,7.0
5.0,560.0
5.0,486.0
5.0,2573.0
5.0,3792.0
5.0,1.0
5.0,338.0
5.0,1531.0
5.0,3337.0
5.0,2057.0
5.0,9.0
5.0,1951.0
5.0,3656.0
5.0,721.0
5.0,2036.0
5.0,1.0
5.0,3749.0
5.0,154.0
5.0,3039.0
5.0,2410.0
5.0,2.0
5.0,2254.0
5.0,85.0
5.0,83.0
5.0,4297.0
5.0,1337.0
5.0,247.0
5.0,1911.0
5.0,2.0
5.0,2466.0
5.0,2214.0
5.0,901.0
5.0,3295.0
5.0,2.0
5.0,2.0
5.0,1.0
5.0,2593.0
5.0,135.0
5.0,2175.0
5.0,1850.0
5.0,18.0
5.0,15.0
5.0,1892.0
5.0,3225.0
5.0,440.0
5.0,1679.0
5.0,173.0
5.0,1.0
5.0,3525.0
5.0,3742.0
5.0,2605.0
5.0,3.0
5.0,2.0
5.0,140.0
5.0,4.0
5.0,211.0
5.0,43.0
5.0,3316.0
5.0,4.0
5.0,2.0
5.0,3065.0
5.0,4586.0
5.0,1548.0
5.0,2770.0
5.0,1849.0
5.0,2440.0
5.0,1.0
5.0,3440.0
5.0,2990.0
5.0,3602.0
5.0,1.0
5.0,3460.0
5.0,1314.0
5.0,2020.0
5.0,102.0
5.0,3.0
5.0,4048.0
5.0,1.0
5.0,6.0
5.0,2.0
5.0,3.0
5.0,2.0
5.0,5.0
5.0,2.0
5.0,4.0
5.0,1.0
5.0,1.0
5.0,1.0
5.0,15.0
5.0,2116.0
5.0,1031.0
5.0,1969.0
5.0,8.0
5.0,2208.0
5.0,78.0
5.0,1850.0
5.0,1721.0
5.0,3.0
5.0,74.0
5.0,1.0
5.0,4.0
5.0,3.0
5.0,3.0
5.0,131.0
5.0,3471.0
5.0,2244.0
5.0,368.0
5.0,2.0
5.0,1843.0
5.0,1872.0
5.0,13.0
5.0,2032.0
5.0,1.0
5.0,3900.0
5.0,1.0
5.0,1535.0
5.0,1724.0
5.0,122.0
5.0,2073.0
5.0,1.0
5.0,1.0
5.0,2422.0
5.0,2.0
5.0,263.0
5.0,2175.0
5.0,1.0
5.0,4.0
5.0,438.0
5.0,2998.0
5.0,1.0
5.0,2667.0
5.0,1410.0
5.0,1464.0
5.0,1051.0
5.0,1607.0
5.0,1.0
5.0,710.0
5.0,1878.0
5.0,1358.0
5.0,1342.0
5.0,1.0
5.0,3250.0
5.0,821.0
5.0,3.0
5.0,1.0
5.0,2589.0
5.0,209.0
5.0,2322.0
5.0,3.0
5.0,2633.0
5.0,610.0
5.0,2708.0
5.0,1555.0
5.0,2050.0
5.0,3.0
5.0,3.0
5.0,3.0
5.0,2.0
5.0,2787.0
5.0,3.0
5.0,1.0
5.0,2874.0
5.0,2557.0
5.0,364.0
5.0,1761.0
5.0,1769.0
5.0,151.0
5.0,2794.0
5.0,2.0
5.0,2.0
5.0,1.0
5.0,3931.0
5.0,215.0
5.0,866.0
5.0,2508.0
5.0,1.0
5.0,2666.0
5.0,2680.0
5.0,762.0
5.0,2746.0
5.0,125.0
5.0,2575.0
5.0,107.0
5.0,2568.0
5.0,2.0
5.0,2.0
5.0,2696.0
5.0,1518.0
5.0,2.0
5.0,2526.0
5.0,6.0
5.0,6.0
5.0,3.0
5.0,9.0
5.0,2171.0
5.0,1214.0
5.0,1747.0
5.0,2293.0
5.0,1852.0
5.0,1938.0
5.0,2722.0
5.0,753.0
5.0,2799.0
5.0,209.0
5.0,9.0
5.0,3313.0
5.0,1.0
5.0,7.0
5.0,2800.0
5.0,2980.0
5.0,798.0
5.0,1926.0
5.0,225.0
5.0,2659.0
5.0,6.0
5.0,38.0
5.0,4825.0
5.0,3186.0
5.0,1539.0
5.0,1814.0
5.0,146.0
5.0,3340.0
5.0,900.0
5.0,3876.0
5.0,1664.0
5.0,2665.0
5.0,215.0
5.0,831.0
5.0,1206.0
5.0,574.0
5.0,1578.0
5.0,1956.0
5.0,2352.0
5.0,1297.0
5.0,610.0
5.0,2101.0
5.0,1868.0
5.0,2344.0
5.0,15.0
5.0,2473.0
5.0,313.0
5.0,3533.0
5.0,466.0
5.0,1433.0
5.0,1379.0
5.0,2669.0
5.0,365.0
5.0,3016.0
5.0,1700.0
5.0,1587.0
5.0,2575.0
5.0,1076.0
5.0,746.0
5.0,4027.0
5.0,1834.0
5.0,553.0
5.0,3253.0
5.0,520.0
5.0,3298.0
5.0,1.0
5.0,2.0
5.0,1.0
5.0,2691.0
5.0,31.0
5.0,1999.0
5.0,1682.0
5.0,263.0
5.0,82.0
5.0,10.0
5.0,7.0
5.0,572.0
5.0,2227.0
5.0,223.0
5.0,2102.0
5.0,10.0
5.0,2619.0
5.0,4.0
5.0,1747.0
5.0,1569.0
5.0,1263.0
5.0,2157.0
5.0,196.0
5.0,6.0
5.0,2602.0
5.0,185.0
5.0,3457.0
5.0,73.0
5.0,5.0
5.0,1.0
5.0,5.0
5.0,4010.0
5.0,5.0
5.0,109.0
5.0,2113.0
5.0,2496.0
5.0,586.0
5.0,35.0
5.0,3311.0
5.0,1080.0
5.0,1.0
5.0,3255.0
5.0,2.0
5.0,7.0
5.0,1905.0
5.0,19.0
5.0,2096.0
5.0,1825.0
5.0,1.0
5.0,561.0
5.0,2720.0
5.0,184.0
5.0,2947.0
5.0,3.0
5.0,3913.0
5.0,4.0
5.0,2621.0
5.0,1421.0
5.0,5.0
5.0,2589.0
5.0,2.0
5.0,429.0
5.0,2155.0
5.0,2572.0
5.0,7.0
5.0,3.0
5.0,2099.0
5.0,1218.0
5.0,3609.0
5.0,2.0
5.0,4.0
5.0,1.0
5.0,3.0
5.0,2.0
5.0,3123.0
5.0,3121.0
5.0,74.0
5.0,124.0
5.0,3152.0
5.0,5464.0
5.0,3.0
5.0,2.0
5.0,460.0
5.0,2196.0
5.0,1212.0
5.0,62.0
5.0,1075.0
5.0,2405.0
5.0,106.0
5.0,446.0
5.0,2219.0
5.0,4.0
5.0,2.0
5.0,9.0
5.0,279.0
5.0,1549.0
5.0,1928.0
5.0,174.0
5.0,2062.0
5.0,310.0
5.0,4.0
5.0,2532.0
5.0,39.0
5.0,88.0
5.0,2589.0
5.0,2.0
5.0,1355.0
5.0,2290.0
5.0,3099.0
5.0,4.0
5.0,2.0
5.0,2.0
5.0,5.0
5.0,2.0
5.0,6.0
5.0,3.0
5.0,566.0
5.0,2024.0
5.0,207.0
5.0,2.0
5.0,4542.0
5.0,79.0
5.0,3570.0
5.0,77.0
5.0,8.0
5.0,1550.0
5.0,2055.0
5.0,3.0
5.0,1.0
5.0,3.0
5.0,4.0
5.0,2787.0
5.0,4.0
5.0,2671.0
5.0,2759.0
5.0,365.0
5.0,1763.0
5.0,3233.0
5.0,1481.0
5.0,3.0
5.0,2653.0
5.0,2341.0
5.0,81.0
5.0,2.0
5.0,3197.0
5.0,1510.0
5.0,1483.0
5.0,1600.0
5.0,2.0
5.0,26.0
5.0,4114.0
5.0,2860.0
5.0,1878.0
5.0,3.0
5.0,1.0
5.0,2729.0
5.0,1411.0
5.0,79.0
5.0,2538.0
5.0,2.0
5.0,6.0
5.0,569.0
5.0,3.0
5.0,2014.0
5.0,207.0
5.0,2117.0
5.0,1545.0
5.0,1300.0
5.0,1632.0
5.0,1076.0
5.0,4113.0
5.0,102.0
5.0,5.0
5.0,7.0
5.0,2598.0
5.0,403.0
5.0,1690.0
5.0,2219.0
5.0,220.0
5.0,289.0
5.0,2545.0
5.0,235.0
5.0,2435.0
5.0,1169.0
5.0,1257.0
5.0,2287.0
5.0,1995.0
5.0,718.0
5.0,2492.0
5.0,29.0
5.0,2300.0
5.0,21.0
5.0,2166.0
5.0,1560.0
5.0,1116.0
5.0,1085.0
5.0,2689.0
5.0,3.0
5.0,2782.0
5.0,517.0
5.0,2694.0
5.0,2027.0
5.0,2030.0
5.0,7.0
5.0,7.0
5.0,3014.0
5.0,583.0
5.0,3640.0
5.0,137.0
5.0,2286.0
5.0,265.0
5.0,2827.0
5.0,739.0
5.0,1186.0
5.0,2800.0
5.0,420.0
5.0,1993.0
5.0,1115.0
5.0,2.0
5.0,10.0
5.0,1889.0
5.0,2113.0
5.0,14.0
5.0,1889.0
5.0,2823.0
5.0,2.0
5.0,3.0
5.0,2.0
5.0,581.0
5.0,3226.0
5.0,123.0
5.0,3480.0
5.0,2776.0
5.0,1.0
5.0,397.0
5.0,3623.0
5.0,1.0
5.0,1980.0
5.0,2846.0
5.0,39.0
5.0,2.0
5.0,1.0
5.0,2.0
5.0,83.0
5.0,19.0
5.0,3927.0
5.0,132.0
5.0,70.0
5.0,2088.0
5.0,2758.0
5.0,362.0
5.0,565.0
5.0,5.0
5.0,4543.0
5.0,373.0
5.0,2258.0
5.0,3.0
5.0,3241.0
5.0,76.0
5.0,142.0
5.0,2721.0
5.0,747.0
5.0,2614.0
5.0,187.0
5.0,1896.0
5.0,1639.0
5.0,1896.0
5.0,140.0
5.0,2247.0
5.0,1505.0
5.0,865.0
5.0,2275.0
5.0,465.0
5.0,2003.0
5.0,6.0
5.0,2421.0
5.0,165.0
5.0,98.0
5.0,1407.0
5.0,1517.0
5.0,1564.0
5.0,3038.0
5.0,1192.0
5.0,50.0
5.0,2.0
5.0,1957.0
5.0,2377.0
5.0,732.0
5.0,1920.0
5.0,2209.0
5.0,1134.0
5.0,115.0
5.0,3597.0
5.0,259.0
5.0,81.0
5.0,6.0
5.0,6.0
5.0,3.0
5.0,6.0
5.0,178.0
5.0,2604.0
5.0,223.0
5.0,2154.0
5.0,1.0
5.0,4115.0
5.0,566.0
5.0,1221.0
5.0,1682.0
5.0,1925.0
5.0,3.0
5.0,2241.0
5.0,1207.0
5.0,2878.0
5.0,3.0
5.0,2273.0
5.0,1856.0
5.0,3083.0
5.0,269.0
5.0,2369.0
5.0,4236.0
5.0,1.0
5.0,2178.0
5.0,2660.0
5.0,1.0
5.0,6.0
5.0,3374.0
5.0,68.0
5.0,494.0
5.0,2063.0
5.0,1364.0
5.0,1484.0
5.0,2178.0
5.0,1895.0
5.0,2288.0
5.0,2.0
5.0,3099.0
5.0,5.0
5.0,3.0
5.0,14.0
5.0,1.0
5.0,4.0
5.0,568.0
5.0,6.0
5.0,2213.0
5.0,2111.0
5.0,2.0
5.0,1.0
5.0,258.0
5.0,4116.0
5.0,565.0
5.0,1225.0
5.0,135.0
5.0,2653.0
5.0,66.0
5.0,2994.0
5.0,20.0
5.0,351.0
5.0,3715.0
5.0,4.0
5.0,2037.0
5.0,2090.0
5.0,1814.0
5.0,1.0
5.0,1.0
5.0,4.0
5.0,3384.0
5.0,2635.0
5.0,883.0
5.0,1235.0
5.0,2177.0
5.0,5.0
5.0,2670.0
5.0,3927.0
5.0,3.0
5.0,2.0
5.0,3425.0
5.0,3689.0
5.0,510.0
5.0,1.0
5.0,2178.0
5.0,7.0
5.0,2.0
5.0,404.0
5.0,2310.0
5.0,1845.0
5.0,21.0
5.0,2.0
5.0,559.0
5.0,1594.0
5.0,1940.0
5.0,807.0
5.0,2842.0
5.0,1533.0
5.0,1178.0
5.0,3466.0
5.0,2994.0
5.0,1635.0
5.0,2455.0
5.0,3474.0
5.0,2469.0
5.0,642.0
5.0,2739.0
5.0,7.0
5.0,1920.0
5.0,150.0
5.0,3715.0
5.0,70.0
5.0,4264.0
5.0,1578.0
5.0,2394.0
5.0,654.0
5.0,2214.0
5.0,2872.0
5.0,3922.0
5.0,104.0
5.0,31.0
5.0,2175.0
5.0,1851.0
5.0,17.0
5.0,2.0
5.0,436.0
5.0,5.0
5.0,11.0
5.0,2441.0
5.0,137.0
5.0,1681.0
5.0,2405.0
5.0,137.0
5.0,1891.0
5.0,2954.0
5.0,8.0
5.0,2344.0
5.0,106.0
5.0,1.0
5.0,2605.0
5.0,194.0
5.0,2.0
5.0,207.0
5.0,3320.0
5.0,2.0
5.0,4011.0
5.0,117.0
5.0,1660.0
5.0,2949.0
5.0,444.0
5.0,1843.0
5.0,1865.0
5.0,30.0
5.0,3339.0
5.0,1.0
5.0,1.0
5.0,1.0
5.0,2669.0
5.0,1217.0
5.0,4359.0
5.0,1784.0
5.0,1.0
5.0,2864.0
5.0,1911.0
5.0,2125.0
5.0,31.0
5.0,4026.0
5.0,1.0
5.0,2.0
5.0,10.0
5.0,4.0
5.0,1.0
5.0,2.0
5.0,417.0
5.0,406.0
5.0,4784.0
5.0,1.0
5.0,1.0
5.0,1.0
5.0,1.0
5.0,3909.0
5.0,1.0
5.0,1.0
5.0,3507.0
5.0,1905.0
5.0,2.0
5.0,8.0
5.0,1.0
5.0,2787.0
5.0,2.0
5.0,207.0
5.0,1.0
5.0,3315.0
5.0,6.0
5.0,1.0
5.0,2.0
5.0,4004.0
5.0,1.0
5.0,1.0
5.0,2.0
5.0,1.0
5.0,1.0
5.0,2.0
5.0,1.0
5.0,2.0
5.0,4718.0
5.0,1.0
5.0,2661.0
5.0,2349.0
5.0,1.0
5.0,1.0
5.0,1.0
5.0,1.0
5.0,4947.0
5.0,235.0
5.0,700.0
5.0,2861.0
5.0,366.0
5.0,1.0
5.0,1.0
5.0,3381.0
5.0,2206.0
5.0,750.0
5.0,1.0
5.0,1.0
5.0,3990.0
5.0,3272.0
5.0,1.0
5.0,1.0
5.0,2.0
5.0,989.0
5.0,203.0
5.0,8.0
5.0,1.0
5.0,3.0
5.0,1.0
5.0,4.0
5.0,4537.0
5.0,6.0
5.0,3.0
5.0,1.0
5.0,1.0
5.0,1.0
5.0,4792.0
5.0,6.0
5.0,98.0
5.0,1039.0
5.0,1267.0
5.0,2347.0
5.0,2.0
5.0,3.0
5.0,5.0
5.0,2787.0
5.0,4.0
5.0,63.0
5.0,1.0
5.0,3465.0
5.0,7.0
5.0,3.0
5.0,2800.0
5.0,2013.0
5.0,2107.0
5.0,75.0
5.0,4398.0
5.0,263.0
5.0,1225.0
5.0,846.0
5.0,4404.0
5.0,389.0
5.0,3085.0
5.0,2168.0
5.0,1464.0
5.0,1955.0
5.0,622.0
5.0,2670.0
5.0,2181.0
5.0,666.0
5.0,3104.0
5.0,6.0
5.0,11.0
5.0,4541.0
5.0,1.0
5.0,7.0
5.0,2618.0
5.0,3.0
5.0,3.0
5.0,3314.0
5.0,3609.0
5.0,3.0
5.0,3.0
5.0,3.0
5.0,3.0
5.0,2.0
5.0,1.0
5.0,1.0
5.0,1.0
5.0,6180.0
5.0,140.0
5.0,1.0
5.0,4.0
5.0,2037.0
5.0,1984.0
5.0,1.0
5.0,1544.0
5.0,2109.0
5.0,4412.0
5.0,829.0
5.0,837.0
5.0,2503.0
5.0,1106.0
5.0,1565.0
5.0,5.0
5.0,3.0
5.0,3252.0
5.0,1234.0
5.0,2866.0
5.0,907.0
5.0,1965.0
5.0,116.0
5.0,3396.0
5.0,1963.0
5.0,78.0
5.0,2534.0
5.0,2.0
5.0,5.0
5.0,1.0
5.0,1.0
5.0,1.0
5.0,1.0
5.0,1.0
5.0,1.0
5.0,1.0
5.0,1.0
5.0,1.0
5.0,1.0
5.0,1.0
5.0,1.0
5.0,1.0
5.0,1.0
5.0,1.0
5.0,4538.0
5.0,371.0
5.0,1923.0
5.0,5.0
5.0,327.0
5.0,6.0
5.0,3020.0
5.0,221.0
5.0,219.0
5.0,3463.0
5.0,1.0
5.0,3.0
5.0,2.0
5.0,3.0
5.0,1.0
5.0,3.0
5.0,1.0
5.0,1.0
5.0,1.0
5.0,1.0
5.0,1.0
5.0,1.0
5.0,2785.0
5.0,1904.0
5.0,2284.0
5.0,1795.0
5.0,1.0
5.0,203.0
5.0,2559.0
5.0,2048.0
5.0,408.0
5.0,1656.0
5.0,2074.0
5.0,1.0
5.0,1.0
5.0,4088.0
5.0,1.0
5.0,1.0
5.0,1.0
5.0,1.0
5.0,1.0
5.0,1.0
5.0,1.0
5.0,764.0
5.0,3442.0
5.0,1911.0
5.0,2.0
5.0,25.0
5.0,3628.0
5.0,1.0
5.0,3537.0
5.0,3870.0
5.0,548.0
5.0,3240.0
5.0,700.0
5.0,11.0
5.0,1.0
5.0,1.0
5.0,3.0
5.0,1.0
5.0,4335.0
5.0,207.0
5.0,7.0
5.0,44.0
5.0,2711.0
5.0,1387.0
5.0,661.0
5.0,1280.0
5.0,3475.0
5.0,6.0
5.0,2787.0
5.0,5.0
5.0,1652.0
5.0,1877.0
5.0,1627.0
5.0,2399.0
5.0,102.0
5.0,1660.0
5.0,1424.0
5.0,1097.0
5.0,2.0
5.0,3090.0
5.0,1.0
5.0,2519.0
5.0,1125.0
5.0,2320.0
5.0,1567.0
5.0,4.0
5.0,2543.0
5.0,37.0
5.0,2276.0
5.0,1471.0
5.0,1027.0
5.0,907.0
5.0,1923.0
5.0,42.0
5.0,3507.0
5.0,9.0
5.0,2436.0
5.0,1013.0
5.0,1129.0
5.0,13.0
5.0,2.0
5.0,3.0
5.0,2579.0
5.0,2198.0
5.0,2062.0
5.0,2508.0
5.0,1270.0
5.0,1473.0
5.0,109.0
5.0,132.0
5.0,1770.0
5.0,10.0
5.0,3.0
5.0,6313.0
5.0,2.0
5.0,4.0
5.0,3.0
5.0,2.0
5.0,1.0
5.0,4009.0
5.0,2.0
5.0,3.0
5.0,105.0
5.0,5299.0
5.0,1974.0
5.0,2352.0
5.0,1.0
5.0,2.0
5.0,167.0
5.0,160.0
5.0,2934.0
5.0,1914.0
5.0,3.0
5.0,1.0
5.0,2958.0
5.0,453.0
5.0,2921.0
5.0,3.0
5.0,3184.0
5.0,4742.0
5.0,198.0
5.0,3007.0
5.0,65.0
5.0,4.0
5.0,1218.0
5.0,5.0
5.0,1.0
5.0,1.0
5.0,1.0
5.0,1.0
5.0,2.0
5.0,1.0
5.0,2.0
5.0,1.0
5.0,1.0
5.0,2.0
5.0,2.0
5.0,6832.0
5.0,4.0
5.0,1.0
5.0,327.0
5.0,3026.0
5.0,2859.0
5.0,1051.0
5.0,4.0
5.0,4.0
5.0,1.0
5.0,5066.0
5.0,1493.0
5.0,2212.0
5.0,1.0
5.0,203.0
5.0,4559.0
5.0,1097.0
5.0,3086.0
5.0,3.0
5.0,2.0
5.0,2336.0
5.0,185.0
5.0,1569.0
5.0,5.0
5.0,4205.0
5.0,1.0
5.0,1779.0
5.0,3543.0
5.0,1270.0
5.0,2512.0
5.0,1684.0
5.0,4.0
5.0,2263.0
5.0,644.0
5.0,1997.0
5.0,1066.0
5.0,10.0
5.0,2221.0
5.0,223.0
5.0,139.0
5.0,1970.0
5.0,2622.0
5.0,1751.0
5.0,1488.0
5.0,75.0
5.0,8.0
5.0,3.0
5.0,3610.0
5.0,1.0
5.0,2.0
5.0,981.0
5.0,1220.0
5.0,1986.0
5.0,262.0
5.0,1872.0
5.0,4.0
5.0,1.0
5.0,4.0
5.0,4004.0
5.0,9.0
5.0,2.0
5.0,3.0
5.0,3.0
5.0,4.0
5.0,94.0
5.0,4.0
5.0,3.0
5.0,4607.0
5.0,2.0
5.0,5.0
5.0,2280.0
5.0,2724.0
5.0,69.0
5.0,104.0
5.0,3086.0
5.0,9.0
5.0,1910.0
5.0,3.0
5.0,4.0
5.0,1.0
5.0,5.0
5.0,3922.0
5.0,4.0
5.0,1.0
5.0,110.0
5.0,3268.0
5.0,47.0
5.0,1617.0
5.0,2046.0
5.0,3.0
5.0,1.0
5.0,3125.0
5.0,1633.0
5.0,2112.0
5.0,424.0
5.0,6.0
5.0,6.0
5.0,663.0
5.0,3.0
5.0,4.0
5.0,3.0
5.0,2.0
5.0,3.0
5.0,4538.0
5.0,2.0
5.0,6.0
5.0,4.0
5.0,1.0
5.0,4370.0
5.0,429.0
5.0,4755.0
5.0,1.0
5.0,3.0
5.0,2789.0
5.0,217.0
5.0,1892.0
5.0,2211.0
5.0,1253.0
5.0,1984.0
5.0,1772.0
5.0,1103.0
5.0,1411.0
5.0,1085.0
5.0,2575.0
5.0,920.0
5.0,4600.0
5.0,266.0
5.0,827.0
5.0,4279.0
5.0,2.0
5.0,91.0
5.0,2310.0
5.0,1592.0
5.0,1069.0
5.0,1353.0
5.0,3396.0
5.0,1963.0
5.0,78.0
5.0,2111.0
5.0,1.0
5.0,1581.0
5.0,1956.0
5.0,2841.0
5.0,809.0
5.0,1634.0
5.0,1677.0
5.0,8.0
5.0,3610.0
5.0,3.0
5.0,3058.0
5.0,1132.0
5.0,2134.0
5.0,2043.0
5.0,523.0
5.0,1456.0
5.0,2.0
5.0,111.0
5.0,2743.0
5.0,1864.0
5.0,4.0
5.0,2283.0
5.0,1864.0
5.0,2297.0
5.0,1822.0
5.0,3.0
5.0,1918.0
5.0,5.0
5.0,3929.0
5.0,7.0
5.0,103.0
5.0,2291.0
5.0,1592.0
5.0,919.0
5.0,1870.0
5.0,2787.0
5.0,236.0
5.0,1391.0
5.0,79.0
5.0,2688.0
5.0,418.0
5.0,4.0
5.0,437.0
5.0,6.0
5.0,2.0
5.0,2.0
5.0,5869.0
5.0,896.0
5.0,3651.0
5.0,78.0
5.0,7.0
5.0,134.0
5.0,3467.0
5.0,1.0
5.0,8.0
5.0,3.0
5.0,1.0
5.0,2603.0
5.0,184.0
5.0,2084.0
5.0,2104.0
5.0,706.0
5.0,2649.0
5.0,1827.0
5.0,1642.0
5.0,1266.0
5.0,2387.0
5.0,267.0
5.0,2424.0
5.0,1.0
5.0,263.0
5.0,2073.0
5.0,100.0
5.0,2270.0
5.0,1585.0
5.0,35.0
5.0,2238.0
5.0,1396.0
5.0,1461.0
5.0,1052.0
5.0,3688.0
5.0,2060.0
5.0,1181.0
5.0,2228.0
5.0,1795.0
5.0,4.0
5.0,9.0
5.0,8.0
5.0,4.0
5.0,1578.0
5.0,1005.0
5.0,1962.0
5.0,240.0
5.0,3008.0
5.0,1022.0
5.0,1679.0
5.0,2796.0
5.0,1247.0
5.0,2367.0
5.0,5276.0
5.0,159.0
5.0,1609.0
5.0,1280.0
5.0,1524.0
5.0,948.0
5.0,2951.0
5.0,4064.0
5.0,1983.0
5.0,754.0
5.0,1925.0
5.0,2702.0
5.0,3628.0
5.0,1932.0
5.0,2782.0
5.0,516.0
5.0,2726.0
5.0,839.0
5.0,3185.0
5.0,2.0
5.0,2.0
5.0,8.0
5.0,7.0
5.0,420.0
5.0,4.0
5.0,2.0
5.0,3.0
5.0,3.0
5.0,953.0
5.0,2572.0
5.0,804.0
5.0,477.0
5.0,1068.0
5.0,2653.0
5.0,164.0
5.0,658.0
5.0,3935.0
5.0,825.0
5.0,2794.0
5.0,34.0
5.0,30.0
5.0,198.0
5.0,3269.0
5.0,8.0
5.0,2029.0
5.0,1969.0
5.0,3.0
5.0,12.0
5.0,106.0
5.0,3134.0
5.0,1477.0
5.0,3229.0
5.0,1.0
5.0,1850.0
5.0,444.0
5.0,1996.0
5.0,2666.0
5.0,6.0
5.0,5.0
5.0,3.0
5.0,3926.0
5.0,2.0
5.0,1.0
5.0,84.0
5.0,1.0
5.0,22.0
5.0,2289.0
5.0,2.0
5.0,1243.0
5.0,2768.0
5.0,682.0
5.0,2248.0
5.0,878.0
5.0,2199.0
5.0,1956.0
5.0,5.0
5.0,3.0
5.0,5.0
5.0,7.0
5.0,4.0
5.0,423.0
5.0,3.0
5.0,1.0
5.0,1.0
5.0,3627.0
5.0,709.0
5.0,1545.0
5.0,1300.0
5.0,2099.0
5.0,76.0
5.0,1141.0
5.0,1686.0
5.0,29.0
5.0,1892.0
5.0,1.0
5.0,13.0
5.0,1.0
5.0,3209.0
5.0,2452.0
5.0,1466.0
5.0,1091.0
5.0,2110.0
5.0,22.0
5.0,100.0
5.0,1817.0
5.0,2790.0
5.0,3.0
5.0,2284.0
5.0,1742.0
5.0,253.0
5.0,2170.0
5.0,2383.0
5.0,3173.0
5.0,293.0
5.0,1833.0
5.0,105.0
5.0,1478.0
5.0,2179.0
5.0,1145.0
5.0,130.0
5.0,2588.0
5.0,1487.0
5.0,3235.0
5.0,67.0
5.0,1968.0
5.0,16.0
5.0,1.0
5.0,5.0
5.0,7.0
5.0,1.0
5.0,4325.0
5.0,218.0
5.0,2290.0
5.0,1.0
5.0,1.0
5.0,338.0
5.0,3185.0
5.0,1.0
5.0,49.0
5.0,77.0
5.0,684.0
5.0,2112.0
5.0,2116.0
5.0,661.0
5.0,284.0
5.0,559.0
5.0,2275.0
5.0,3293.0
5.0,1.0
5.0,1.0
5.0,1.0
5.0,1.0
5.0,1.0
5.0,1.0
5.0,1.0
5.0,2777.0
5.0,1120.0
5.0,3260.0
5.0,193.0
5.0,2006.0
5.0,2336.0
5.0,349.0
5.0,2176.0
5.0,2316.0
5.0,2460.0
5.0,1651.0
5.0,89.0
5.0,80.0
5.0,8.0
5.0,86.0
5.0,22.0
5.0,3320.0
5.0,1609.0
5.0,1.0
5.0,2587.0
5.0,1358.0
5.0,3434.0
5.0,115.0
5.0,1852.0
5.0,12.0
5.0,2016.0
5.0,212.0
5.0,2109.0
5.0,212.0
5.0,13.0
5.0,2612.0
5.0,3.0
5.0,3.0
5.0,5.0
5.0,3185.0
5.0,131.0
5.0,140.0
5.0,3462.0
5.0,6.0
5.0,3.0
5.0,3.0
5.0,2.0
5.0,1.0
5.0,2.0
5.0,3443.0
5.0,2878.0
5.0,4.0
5.0,1.0
5.0,5.0
5.0,4015.0
5.0,1.0
5.0,1.0
5.0,1.0
5.0,104.0
5.0,2.0
5.0,2112.0
5.0,3607.0
5.0,2116.0
5.0,1788.0
5.0,2367.0
5.0,136.0
5.0,2665.0
5.0,8.0
5.0,6.0
5.0,2101.0
5.0,2387.0
5.0,1638.0
5.0,1266.0
5.0,1576.0
5.0,1370.0
5.0,1.0
5.0,3916.0
5.0,4.0
5.0,4042.0
5.0,5.0
5.0,2.0
5.0,5.0
5.0,1.0
5.0,4.0
5.0,4.0
5.0,3.0
5.0,2.0
5.0,2.0
5.0,1.0
5.0,1.0
5.0,3.0
5.0,1.0
5.0,4.0
5.0,2574.0
5.0,2702.0
5.0,2.0
5.0,135.0
5.0,3932.0
5.0,3085.0
5.0,1673.0
5.0,1955.0
5.0,2495.0
5.0,2534.0
5.0,4164.0
5.0,2.0
5.0,3488.0
5.0,1085.0
5.0,2005.0
5.0,2416.0
5.0,104.0
5.0,3094.0
5.0,1564.0
5.0,354.0
5.0,3926.0
5.0,2.0
5.0,88.0
5.0,4251.0
5.0,1921.0
5.0,1892.0
5.0,2211.0
5.0,2113.0
5.0,1905.0
5.0,15.0
5.0,3.0
5.0,1.0
5.0,4.0
5.0,4.0
5.0,3444.0
5.0,1832.0
5.0,2.0
5.0,2.0
5.0,3641.0
5.0,424.0
5.0,3085.0
5.0,1666.0
5.0,8.0
5.0,5.0
5.0,4389.0
5.0,55.0
5.0,250.0
5.0,2284.0
5.0,2.0
5.0,4164.0
5.0,1407.0
5.0,2081.0
5.0,1085.0
5.0,2005.0
5.0,2520.0
5.0,1575.0
5.0,1818.0
5.0,1270.0
5.0,3031.0
5.0,1246.0
5.0,93.0
5.0,2316.0
5.0,30.0
5.0,61.0
5.0,3447.0
5.0,2207.0
5.0,2210.0
5.0,2112.0
5.0,2.0
5.0,1923.0
5.0,3.0
5.0,2.0
5.0,1.0
5.0,2579.0
5.0,1754.0
5.0,2.0
5.0,204.0
5.0,10.0
5.0,2755.0
5.0,34.0
5.0,1353.0
5.0,1670.0
5.0,130.0
5.0,141.0
5.0,3870.0
5.0,29.0
5.0,3913.0
5.0,250.0
5.0,3639.0
5.0,144.0
5.0,1983.0
5.0,101.0
5.0,2162.0
5.0,2.0
5.0,2025.0
5.0,3085.0
5.0,1.0
5.0,1.0
5.0,564.0
5.0,2118.0
5.0,3.0
5.0,4.0
5.0,2166.0
5.0,754.0
5.0,1921.0
5.0,4.0
5.0,3307.0
5.0,127.0
5.0,15.0
5.0,3911.0
5.0,1608.0
5.0,710.0
5.0,1368.0
5.0,1031.0
5.0,1665.0
5.0,517.0
5.0,1918.0
5.0,1639.0
5.0,494.0
5.0,16.0
5.0,5.0
5.0,1.0
5.0,4331.0
5.0,2.0
5.0,2.0
5.0,2432.0
5.0,74.0
5.0,2556.0
5.0,89.0
5.0,4043.0
5.0,971.0
5.0,4192.0
5.0,3017.0
5.0,766.0
5.0,1983.0
5.0,2263.0
5.0,2.0
5.0,2.0
5.0,3041.0
5.0,2069.0
5.0,2.0
5.0,329.0
5.0,1802.0
5.0,584.0
5.0,2140.0
5.0,3041.0
5.0,105.0
5.0,835.0
5.0,2147.0
5.0,3908.0
5.0,1611.0
5.0,2076.0
5.0,1813.0
5.0,1400.0
5.0,3.0
5.0,2202.0
5.0,1854.0
5.0,1.0
5.0,4.0
5.0,1.0
5.0,1.0
5.0,2578.0
5.0,3296.0
5.0,2653.0
5.0,2104.0
5.0,540.0
5.0,2938.0
5.0,392.0
5.0,2402.0
5.0,2706.0
5.0,336.0
5.0,2114.0
5.0,412.0
5.0,2089.0
5.0,2528.0
5.0,181.0
5.0,4565.0
5.0,2684.0
5.0,3.0
5.0,175.0
5.0,2749.0
5.0,1924.0
5.0,3290.0
5.0,160.0
5.0,2878.0
5.0,1033.0
5.0,2318.0
5.0,4064.0
5.0,517.0
5.0,1918.0
5.0,304.0
5.0,1845.0
5.0,1.0
5.0,8.0
5.0,2213.0
5.0,2112.0
5.0,1.0
5.0,207.0
5.0,10.0
5.0,5.0
5.0,2213.0
5.0,1020.0
5.0,2576.0
5.0,1.0
5.0,1.0
5.0,49.0
5.0,78.0
5.0,1.0
5.0,4.0
5.0,133.0
5.0,3472.0
5.0,2243.0
5.0,20.0
5.0,2193.0
5.0,624.0
5.0,1261.0
5.0,1.0
5.0,1906.0
5.0,125.0
5.0,2.0
5.0,1981.0
5.0,1918.0
5.0,6.0
5.0,2568.0
5.0,816.0
5.0,1693.0
5.0,1862.0
5.0,1231.0
5.0,2148.0
5.0,3.0
5.0,435.0
5.0,2233.0
5.0,3927.0
5.0,5.0
5.0,85.0
5.0,3340.0
5.0,3.0
5.0,3684.0
5.0,513.0
5.0,1359.0
5.0,1341.0
5.0,3.0
5.0,26.0
5.0,2176.0
5.0,1846.0
5.0,8.0
5.0,13.0
5.0,1177.0
5.0,2009.0
5.0,51.0
5.0,3284.0
5.0,173.0
5.0,3573.0
5.0,3.0
5.0,79.0
5.0,3.0
5.0,134.0
5.0,3482.0
5.0,2601.0
5.0,3.0
5.0,37.0
5.0,318.0
5.0,2700.0
5.0,663.0
5.0,2057.0
5.0,2071.0
5.0,1.0
5.0,1747.0
5.0,1599.0
5.0,1849.0
5.0,2074.0
5.0,1491.0
5.0,931.0
5.0,266.0
5.0,2171.0
5.0,5.0
5.0,1784.0
5.0,2100.0
5.0,190.0
5.0,3444.0
5.0,2513.0
5.0,1.0
5.0,1937.0
5.0,2678.0
5.0,2281.0
5.0,1279.0
5.0,2781.0
5.0,15.0
5.0,1.0
5.0,4.0
5.0,4027.0
5.0,2.0
5.0,1.0
5.0,258.0
5.0,2583.0
5.0,2098.0
5.0,1138.0
5.0,83.0
5.0,2446.0
5.0,1170.0
5.0,2236.0
5.0,20.0
5.0,351.0
5.0,2245.0
5.0,3512.0
5.0,1988.0
5.0,1917.0
5.0,1266.0
5.0,1532.0
5.0,2279.0
5.0,2725.0
5.0,339.0
5.0,2178.0
5.0,289.0
5.0,2372.0
5.0,13.0
5.0,3926.0
5.0,1.0
5.0,3.0
5.0,83.0
5.0,23.0
5.0,570.0
5.0,4232.0
5.0,2180.0
5.0,2713.0
5.0,1470.0
5.0,2688.0
5.0,21.0
5.0,397.0
5.0,4.0
5.0,13.0
5.0,2.0
5.0,1.0
5.0,3585.0
5.0,1.0
5.0,1.0
5.0,1.0
5.0,8.0
5.0,1.0
5.0,1.0
5.0,1.0
5.0,230.0
5.0,22.0
5.0,1.0
5.0,4542.0
5.0,1.0
5.0,1.0
5.0,1.0
5.0,2404.0
5.0,1529.0
5.0,3615.0
5.0,1.0
5.0,3.0
5.0,63.0
5.0,1.0
5.0,149.0
5.0,3314.0
5.0,1.0
5.0,1.0
5.0,7.0
5.0,1.0
5.0,2.0
5.0,1.0
5.0,4002.0
5.0,6.0
5.0,5.0
5.0,3.0
5.0,3236.0
5.0,1482.0
5.0,582.0
5.0,3563.0
5.0,1.0
5.0,1386.0
5.0,2736.0
5.0,1570.0
5.0,349.0
5.0,1828.0
5.0,2106.0
5.0,2.0
5.0,85.0
5.0,1.0
5.0,2311.0
5.0,4.0
5.0,1.0
5.0,2551.0
5.0,1.0
5.0,1.0
5.0,1.0
5.0,1.0
5.0,101.0
5.0,4749.0
5.0,522.0
5.0,27.0
5.0,1490.0
5.0,2537.0
5.0,13.0
5.0,2.0
5.0,1.0
5.0,2.0
